AHaH8|Akshu|Halli|akshu@icloud.com|Hubli|27343473847
BRbA9|Bhaskar|Raj|bhaskar@gmail.com|Arizona|3534543535
PKpB9|Pavan|Kumar|pawan@yahoo.com|Bellary|2423423423423
SLsB8|Shubha|Lakshmi|shubha@gmail.com|Bellary|56465465645
PLpB9|Prema|Latha|prema.latha@gmail.com|Bellary|345345345345
SSsC3|Siva|Subramanian|c.siva@gmail.com|Chennai|34343434
SBsB4|Sharath|Babu|sharath.g@gmail.com|Bengaluru|242342423426
vrvB9|vinay|RAJ|vinay@gmail.com|Bengaluru|2342342434
DSdJ2|Deepak|Sharma|deepak.sharma@gmail.com|Jodhpur|2353636
